Id,Name,CodeName,State_Id,CreatedAtUtc,UpdatedAtUtc,IsActive
1,Akwanga,AKWANGA,25,2023-02-06 15:51:24.000,2023-02-06 15:51:24.000,0
2,Awe,AWE,25,2023-02-06 15:51:24.000,2023-02-06 15:51:24.000,0
3,Doma,DOMA,25,2023-02-06 15:51:24.000,2023-02-06 15:51:24.000,0
4,Karu,KARU,25,2023-02-06 15:51:24.000,2023-02-06 15:51:24.000,0
5,Keana,KEANA,25,2023-02-06 15:51:24.000,2023-02-06 15:51:24.000,0
6,Keffi,KEFFI,25,2023-02-06 15:51:24.000,2023-02-06 15:51:24.000,0
7,Kokona,KOKONA,25,2023-02-06 15:51:24.000,2023-02-06 15:51:24.000,0
8,Lafia,LAFIA,25,2023-02-06 15:51:24.000,2023-02-06 15:51:24.000,0
9,Nasarawa,NASARAWA,25,2023-02-06 15:51:24.000,2023-02-06 15:51:24.000,0
10,Nasarawa-Eggon,NASARAWA-EGGON,25,2023-02-06 15:51:24.000,2023-02-06 15:51:24.000,0
11,Obi,OBI,25,2023-02-06 15:51:24.000,2023-02-06 15:51:24.000,0
12,Toto,TOTO,25,2023-02-06 15:51:24.000,2023-02-06 15:51:24.000,0
13,Wamba,WAMBA,25,2023-02-06 15:51:24.000,2023-02-06 15:51:24.000,0
14,Agaie,AGAIE,26,2023-02-06 15:51:24.000,2023-02-06 15:51:24.000,0
15,Agwara,AGWARA,26,2023-02-06 15:51:24.000,2023-02-06 15:51:24.000,0
16,Bida,BIDA,26,2023-02-06 15:51:24.000,2023-02-06 15:51:24.000,0
17,Borgu,BORGU,26,2023-02-06 15:51:24.000,2023-02-06 15:51:24.000,0
18,Bosso,BOSSO,26,2023-02-06 15:51:24.000,2023-02-06 15:51:24.000,0
19,Chanchaga,CHANCHAGA,26,2023-02-06 15:51:24.000,2023-02-06 15:51:24.000,0
20,Edati,EDATI,26,2023-02-06 15:51:24.000,2023-02-06 15:51:24.000,0
21,Gbako,GBAKO,26,2023-02-06 15:51:24.000,2023-02-06 15:51:24.000,0
22,Gurara,GURARA,26,2023-02-06 15:51:24.000,2023-02-06 15:51:24.000,0
23,Katcha,KATCHA,26,2023-02-06 15:51:24.000,2023-02-06 15:51:24.000,0
24,Kontagora,KONTAGORA,26,2023-02-06 15:51:24.000,2023-02-06 15:51:24.000,0
25,Lapai,LAPAI,26,2023-02-06 15:51:24.000,2023-02-06 15:51:24.000,0
26,Lavun,LAVUN,26,2023-02-06 15:51:24.000,2023-02-06 15:51:24.000,0
27,Magama,MAGAMA,26,2023-02-06 15:51:24.000,2023-02-06 15:51:24.000,0
28,Mariga,MARIGA,26,2023-02-06 15:51:24.000,2023-02-06 15:51:24.000,0
29,Mashegu,MASHEGU,26,2023-02-06 15:51:24.000,2023-02-06 15:51:24.000,0
30,Mokwa,MOKWA,26,2023-02-06 15:51:24.000,2023-02-06 15:51:24.000,0
31,Muya,MUYA,26,2023-02-06 15:51:24.000,2023-02-06 15:51:24.000,0
32,Pailoro,PAILORO,26,2023-02-06 15:51:24.000,2023-02-06 15:51:24.000,0
33,Rafi,RAFI,26,2023-02-06 15:51:24.000,2023-02-06 15:51:24.000,0
34,Rijau,RIJAU,26,2023-02-06 15:51:24.000,2023-02-06 15:51:24.000,0
35,Shiroro,SHIRORO,26,2023-02-06 15:51:24.000,2023-02-06 15:51:24.000,0
36,Suleja,SULEJA,26,2023-02-06 15:51:24.000,2023-02-06 15:51:24.000,0
37,Tafa,TAFA,26,2023-02-06 15:51:24.000,2023-02-06 15:51:24.000,0
38,Wushishi,WUSHISHI,26,2023-02-06 15:51:24.000,2023-02-06 15:51:24.000,0
39,Aba North,ABA NORTH,2,2023-02-06 15:51:39.000,2023-02-06 15:51:39.000,0
40,Aba South,ABA SOUTH,2,2023-02-06 15:51:39.000,2023-02-06 15:51:39.000,0
41,Arochukwu,AROCHUKWU,2,2023-02-06 15:51:39.000,2023-02-06 15:51:39.000,0
42,Bende,BENDE,2,2023-02-06 15:51:39.000,2023-02-06 15:51:39.000,0
43,Ikwuano,IKWUANO,2,2023-02-06 15:51:39.000,2023-02-06 15:51:39.000,0
44,Isiala Ngwa North,ISIALA NGWA NORTH,2,2023-02-06 15:51:39.000,2023-02-06 15:51:39.000,0
45,Isiala Ngwa South,ISIALA NGWA SOUTH,2,2023-02-06 15:51:39.000,2023-02-06 15:51:39.000,0
46,Isuikwuato,ISUIKWUATO,2,2023-02-06 15:51:39.000,2023-02-06 15:51:39.000,0
47,Obi Ngwa,OBI NGWA,2,2023-02-06 15:51:39.000,2023-02-06 15:51:39.000,0
48,Ohafia,OHAFIA,2,2023-02-06 15:51:39.000,2023-02-06 15:51:39.000,0
49,Osisioma,OSISIOMA,2,2023-02-06 15:51:39.000,2023-02-06 15:51:39.000,0
50,Ugwunagbo,UGWUNAGBO,2,2023-02-06 15:51:39.000,2023-02-06 15:51:39.000,0
51,Ukwa East,UKWA EAST,2,2023-02-06 15:51:39.000,2023-02-06 15:51:39.000,0
52,Ukwa West,UKWA WEST,2,2023-02-06 15:51:39.000,2023-02-06 15:51:39.000,0
53,Umuahia North,UMUAHIA NORTH,2,2023-02-06 15:51:39.000,2023-02-06 15:51:39.000,0
54,Umuahia South,UMUAHIA SOUTH,2,2023-02-06 15:51:39.000,2023-02-06 15:51:39.000,0
55,Umu Nneochi,UMU NNEOCHI,2,2023-02-06 15:51:39.000,2023-02-06 15:51:39.000,0
56,Demsa,DEMSA,3,2023-02-06 15:51:39.000,2023-02-06 15:51:39.000,0
57,Fufure,FUFURE,3,2023-02-06 15:51:39.000,2023-02-06 15:51:39.000,0
58,Ganye,GANYE,3,2023-02-06 15:51:39.000,2023-02-06 15:51:39.000,0
59,Gayuk,GAYUK,3,2023-02-06 15:51:39.000,2023-02-06 15:51:39.000,0
60,Gombi,GOMBI,3,2023-02-06 15:51:39.000,2023-02-06 15:51:39.000,0
61,Grie,GRIE,3,2023-02-06 15:51:39.000,2023-02-06 15:51:39.000,0
62,Hong,HONG,3,2023-02-06 15:51:39.000,2023-02-06 15:51:39.000,0
63,Jada,JADA,3,2023-02-06 15:51:39.000,2023-02-06 15:51:39.000,0
64,Lamurde,LAMURDE,3,2023-02-06 15:51:39.000,2023-02-06 15:51:39.000,0
65,Madagali,MADAGALI,3,2023-02-06 15:51:39.000,2023-02-06 15:51:39.000,0
66,Maiha,MAIHA,3,2023-02-06 15:51:39.000,2023-02-06 15:51:39.000,0
67,Mayo Belwa,MAYO BELWA,3,2023-02-06 15:51:39.000,2023-02-06 15:51:39.000,0
68,Michika,MICHIKA,3,2023-02-06 15:51:39.000,2023-02-06 15:51:39.000,0
69,Mubi North,MUBI NORTH,3,2023-02-06 15:51:39.000,2023-02-06 15:51:39.000,0
70,Mubi South,MUBI SOUTH,3,2023-02-06 15:51:39.000,2023-02-06 15:51:39.000,0
71,Numan,NUMAN,3,2023-02-06 15:51:39.000,2023-02-06 15:51:39.000,0
72,Shelleng,SHELLENG,3,2023-02-06 15:51:39.000,2023-02-06 15:51:39.000,0
73,Song,SONG,3,2023-02-06 15:51:39.000,2023-02-06 15:51:39.000,0
74,Toungo,TOUNGO,3,2023-02-06 15:51:39.000,2023-02-06 15:51:39.000,0
75,Yola North,YOLA NORTH,3,2023-02-06 15:51:39.000,2023-02-06 15:51:39.000,0
76,Yola South,YOLA SOUTH,3,2023-02-06 15:51:39.000,2023-02-06 15:51:39.000,0
77,Abak,ABAK,4,2023-02-06 15:51:39.000,2023-02-06 15:51:39.000,0
78,Eastern Obolo,EASTERN OBOLO,4,2023-02-06 15:51:39.000,2023-02-06 15:51:39.000,0
79,Eket,EKET,4,2023-02-06 15:51:39.000,2023-02-06 15:51:39.000,0
80,Esit Eket,ESIT EKET,4,2023-02-06 15:51:39.000,2023-02-06 15:51:39.000,0
81,Essien Udim,ESSIEN UDIM,4,2023-02-06 15:51:39.000,2023-02-06 15:51:39.000,0
82,Etim Ekpo,ETIM EKPO,4,2023-02-06 15:51:39.000,2023-02-06 15:51:39.000,0
83,Etinan,ETINAN,4,2023-02-06 15:51:39.000,2023-02-06 15:51:39.000,0
84,Ibeno,IBENO,4,2023-02-06 15:51:39.000,2023-02-06 15:51:39.000,0
85,Ibesikpo Asutan,IBESIKPO ASUTAN,4,2023-02-06 15:51:39.000,2023-02-06 15:51:39.000,0
86,Ibiono-Ibom,IBIONO-IBOM,4,2023-02-06 15:51:39.000,2023-02-06 15:51:39.000,0
87,Ika,IKA,4,2023-02-06 15:51:39.000,2023-02-06 15:51:39.000,0
88,Ikono,IKONO,4,2023-02-06 15:51:39.000,2023-02-06 15:51:39.000,0
89,Ikot Abasi,IKOT ABASI,4,2023-02-06 15:51:39.000,2023-02-06 15:51:39.000,0
90,Ikot Ekpene,IKOT EKPENE,4,2023-02-06 15:51:39.000,2023-02-06 15:51:39.000,0
91,Ini,INI,4,2023-02-06 15:51:39.000,2023-02-06 15:51:39.000,0
92,Itu,ITU,4,2023-02-06 15:51:39.000,2023-02-06 15:51:39.000,0
93,Mbo,MBO,4,2023-02-06 15:51:39.000,2023-02-06 15:51:39.000,0
94,Mkpat-Enin,MKPAT-ENIN,4,2023-02-06 15:51:39.000,2023-02-06 15:51:39.000,0
95,Nsit-Atai,NSIT-ATAI,4,2023-02-06 15:51:39.000,2023-02-06 15:51:39.000,0
96,Nsit-Ibom,NSIT-IBOM,4,2023-02-06 15:51:39.000,2023-02-06 15:51:39.000,0
97,Nsit-Ubium,NSIT-UBIUM,4,2023-02-06 15:51:39.000,2023-02-06 15:51:39.000,0
98,Obot Akara,OBOT AKARA,4,2023-02-06 15:51:39.000,2023-02-06 15:51:39.000,0
99,Okobo,OKOBO,4,2023-02-06 15:51:39.000,2023-02-06 15:51:39.000,0
100,Onna,ONNA,4,2023-02-06 15:51:39.000,2023-02-06 15:51:39.000,0
101,Oron,ORON,4,2023-02-06 15:51:39.000,2023-02-06 15:51:39.000,0
102,Oruk Anam,ORUK ANAM,4,2023-02-06 15:51:39.000,2023-02-06 15:51:39.000,0
103,Udung-Uko,UDUNG-UKO,4,2023-02-06 15:51:39.000,2023-02-06 15:51:39.000,0
104,Ukanafun,UKANAFUN,4,2023-02-06 15:51:39.000,2023-02-06 15:51:39.000,0
105,Uruan,URUAN,4,2023-02-06 15:51:39.000,2023-02-06 15:51:39.000,0
106,Urue-OffongOruko,URUE-OFFONGORUKO,4,2023-02-06 15:51:39.000,2023-02-06 15:51:39.000,0
107,Uyo,UYO,4,2023-02-06 15:51:39.000,2023-02-06 15:51:39.000,0
108,Aguata,AGUATA,5,2023-02-06 15:51:39.000,2023-02-06 15:51:39.000,0
109,Anambra East,ANAMBRA EAST,5,2023-02-06 15:51:39.000,2023-02-06 15:51:39.000,0
110,Anambra West,ANAMBRA WEST,5,2023-02-06 15:51:39.000,2023-02-06 15:51:39.000,0
111,Anaocha,ANAOCHA,5,2023-02-06 15:51:39.000,2023-02-06 15:51:39.000,0
112,Awka North,AWKA NORTH,5,2023-02-06 15:51:39.000,2023-02-06 15:51:39.000,0
113,Awka South,AWKA SOUTH,5,2023-02-06 15:51:39.000,2023-02-06 15:51:39.000,0
114,Ayamelum,AYAMELUM,5,2023-02-06 15:51:39.000,2023-02-06 15:51:39.000,0
115,Dunukofia,DUNUKOFIA,5,2023-02-06 15:51:39.000,2023-02-06 15:51:39.000,0
116,Ekwusigo,EKWUSIGO,5,2023-02-06 15:51:39.000,2023-02-06 15:51:39.000,0
117,Idemili North,IDEMILI NORTH,5,2023-02-06 15:51:39.000,2023-02-06 15:51:39.000,0
118,Idemili South,IDEMILI SOUTH,5,2023-02-06 15:51:39.000,2023-02-06 15:51:39.000,0
119,Ihiala,IHIALA,5,2023-02-06 15:51:39.000,2023-02-06 15:51:39.000,0
120,Njikoka,NJIKOKA,5,2023-02-06 15:51:39.000,2023-02-06 15:51:39.000,0
121,Nnewi North,NNEWI NORTH,5,2023-02-06 15:51:39.000,2023-02-06 15:51:39.000,0
122,Nnewi South,NNEWI SOUTH,5,2023-02-06 15:51:39.000,2023-02-06 15:51:39.000,0
123,Ogbaru,OGBARU,5,2023-02-06 15:51:39.000,2023-02-06 15:51:39.000,0
124,Onitsha North,ONITSHA NORTH,5,2023-02-06 15:51:39.000,2023-02-06 15:51:39.000,0
125,Onitsha South,ONITSHA SOUTH,5,2023-02-06 15:51:39.000,2023-02-06 15:51:39.000,0
126,Orumba North,ORUMBA NORTH,5,2023-02-06 15:51:39.000,2023-02-06 15:51:39.000,0
127,Orumba South,ORUMBA SOUTH,5,2023-02-06 15:51:39.000,2023-02-06 15:51:39.000,0
128,Oyi,OYI,5,2023-02-06 15:51:39.000,2023-02-06 15:51:39.000,0
129,Alkaleri,ALKALERI,6,2023-02-06 15:51:39.000,2023-02-06 15:51:39.000,0
130,Bauchi,BAUCHI,6,2023-02-06 15:51:39.000,2023-02-06 15:51:39.000,0
131,Bogoro,BOGORO,6,2023-02-06 15:51:39.000,2023-02-06 15:51:39.000,0
132,Damban,DAMBAN,6,2023-02-06 15:51:39.000,2023-02-06 15:51:39.000,0
133,Darazo,DARAZO,6,2023-02-06 15:51:39.000,2023-02-06 15:51:39.000,0
134,Dass,DASS,6,2023-02-06 15:51:39.000,2023-02-06 15:51:39.000,0
135,Gamawa,GAMAWA,6,2023-02-06 15:51:39.000,2023-02-06 15:51:39.000,0
136,Ganjuwa,GANJUWA,6,2023-02-06 15:51:39.000,2023-02-06 15:51:39.000,0
137,Giade,GIADE,6,2023-02-06 15:51:39.000,2023-02-06 15:51:39.000,0
138,ItasGadau,ITASGADAU,6,2023-02-06 15:51:39.000,2023-02-06 15:51:39.000,0
139,Jama'are,JAMA'ARE,6,2023-02-06 15:51:39.000,2023-02-06 15:51:39.000,0
140,Katagum,KATAGUM,6,2023-02-06 15:51:39.000,2023-02-06 15:51:39.000,0
141,Kirfi,KIRFI,6,2023-02-06 15:51:39.000,2023-02-06 15:51:39.000,0
142,Misau,MISAU,6,2023-02-06 15:51:39.000,2023-02-06 15:51:39.000,0
143,Ningi,NINGI,6,2023-02-06 15:51:39.000,2023-02-06 15:51:39.000,0
144,Shira,SHIRA,6,2023-02-06 15:51:39.000,2023-02-06 15:51:39.000,0
145,Tafawa Balewa,TAFAWA BALEWA,6,2023-02-06 15:51:39.000,2023-02-06 15:51:39.000,0
146,Toro,TORO,6,2023-02-06 15:51:39.000,2023-02-06 15:51:39.000,0
147,Warji,WARJI,6,2023-02-06 15:51:39.000,2023-02-06 15:51:39.000,0
148,Zaki,ZAKI,6,2023-02-06 15:51:39.000,2023-02-06 15:51:39.000,0
149,Brass,BRASS,7,2023-02-06 15:51:39.000,2023-02-06 15:51:39.000,0
150,Ekeremor,EKEREMOR,7,2023-02-06 15:51:39.000,2023-02-06 15:51:39.000,0
151,KolokumaOpokuma,KOLOKUMAOPOKUMA,7,2023-02-06 15:51:39.000,2023-02-06 15:51:39.000,0
152,Nembe,NEMBE,7,2023-02-06 15:51:39.000,2023-02-06 15:51:39.000,0
153,Ogbia,OGBIA,7,2023-02-06 15:51:39.000,2023-02-06 15:51:39.000,0
154,Sagbama,SAGBAMA,7,2023-02-06 15:51:39.000,2023-02-06 15:51:39.000,0
155,Southern Ijaw,SOUTHERN IJAW,7,2023-02-06 15:51:39.000,2023-02-06 15:51:39.000,0
156,Yenagoa,YENAGOA,7,2023-02-06 15:51:39.000,2023-02-06 15:51:39.000,0
157,Agatu,AGATU,8,2023-02-06 15:51:39.000,2023-02-06 15:51:39.000,0
158,Apa,APA,8,2023-02-06 15:51:39.000,2023-02-06 15:51:39.000,0
159,Ado,ADO,8,2023-02-06 15:51:39.000,2023-02-06 15:51:39.000,0
160,Buruku,BURUKU,8,2023-02-06 15:51:39.000,2023-02-06 15:51:39.000,0
161,Gboko,GBOKO,8,2023-02-06 15:51:39.000,2023-02-06 15:51:39.000,0
162,Guma,GUMA,8,2023-02-06 15:51:39.000,2023-02-06 15:51:39.000,0
163,Gwer East,GWER EAST,8,2023-02-06 15:51:39.000,2023-02-06 15:51:39.000,0
164,Gwer West,GWER WEST,8,2023-02-06 15:51:39.000,2023-02-06 15:51:39.000,0
165,Katsina-Ala,KATSINA-ALA,8,2023-02-06 15:51:39.000,2023-02-06 15:51:39.000,0
166,Konshisha,KONSHISHA,8,2023-02-06 15:51:39.000,2023-02-06 15:51:39.000,0
167,Kwande,KWANDE,8,2023-02-06 15:51:39.000,2023-02-06 15:51:39.000,0
168,Logo,LOGO,8,2023-02-06 15:51:39.000,2023-02-06 15:51:39.000,0
169,Makurdi,MAKURDI,8,2023-02-06 15:51:39.000,2023-02-06 15:51:39.000,0
170,Obi,OBI,8,2023-02-06 15:51:39.000,2023-02-06 15:51:39.000,0
171,Ogbadibo,OGBADIBO,8,2023-02-06 15:51:39.000,2023-02-06 15:51:39.000,0
172,Ohimini,OHIMINI,8,2023-02-06 15:51:39.000,2023-02-06 15:51:39.000,0
173,Oju,OJU,8,2023-02-06 15:51:39.000,2023-02-06 15:51:39.000,0
174,Okpokwu,OKPOKWU,8,2023-02-06 15:51:39.000,2023-02-06 15:51:39.000,0
175,Oturkpo,OTURKPO,8,2023-02-06 15:51:39.000,2023-02-06 15:51:39.000,0
176,Tarka,TARKA,8,2023-02-06 15:51:39.000,2023-02-06 15:51:39.000,0
177,Ukum,UKUM,8,2023-02-06 15:51:39.000,2023-02-06 15:51:39.000,0
178,Ushongo,USHONGO,8,2023-02-06 15:51:39.000,2023-02-06 15:51:39.000,0
179,Vandeikya,VANDEIKYA,8,2023-02-06 15:51:39.000,2023-02-06 15:51:39.000,0
180,Abadam,ABADAM,9,2023-02-06 15:51:39.000,2023-02-06 15:51:39.000,0
181,AskiraUba,ASKIRAUBA,9,2023-02-06 15:51:39.000,2023-02-06 15:51:39.000,0
182,Bama,BAMA,9,2023-02-06 15:51:39.000,2023-02-06 15:51:39.000,0
183,Bayo,BAYO,9,2023-02-06 15:51:39.000,2023-02-06 15:51:39.000,0
184,Biu,BIU,9,2023-02-06 15:51:39.000,2023-02-06 15:51:39.000,0
185,Chibok,CHIBOK,9,2023-02-06 15:51:39.000,2023-02-06 15:51:39.000,0
186,Damboa,DAMBOA,9,2023-02-06 15:51:39.000,2023-02-06 15:51:39.000,0
187,Dikwa,DIKWA,9,2023-02-06 15:51:39.000,2023-02-06 15:51:39.000,0
188,Gubio,GUBIO,9,2023-02-06 15:51:39.000,2023-02-06 15:51:39.000,0
189,Guzamala,GUZAMALA,9,2023-02-06 15:51:39.000,2023-02-06 15:51:39.000,0
190,Gwoza,GWOZA,9,2023-02-06 15:51:39.000,2023-02-06 15:51:39.000,0
191,Hawul,HAWUL,9,2023-02-06 15:51:39.000,2023-02-06 15:51:39.000,0
192,Jere,JERE,9,2023-02-06 15:51:39.000,2023-02-06 15:51:39.000,0
193,Kaga,KAGA,9,2023-02-06 15:51:39.000,2023-02-06 15:51:39.000,0
194,KalaBalge,KALABALGE,9,2023-02-06 15:51:39.000,2023-02-06 15:51:39.000,0
195,Konduga,KONDUGA,9,2023-02-06 15:51:39.000,2023-02-06 15:51:39.000,0
196,Kukawa,KUKAWA,9,2023-02-06 15:51:39.000,2023-02-06 15:51:39.000,0
197,Kwaya Kusar,KWAYA KUSAR,9,2023-02-06 15:51:39.000,2023-02-06 15:51:39.000,0
198,Mafa,MAFA,9,2023-02-06 15:51:39.000,2023-02-06 15:51:39.000,0
199,Magumeri,MAGUMERI,9,2023-02-06 15:51:39.000,2023-02-06 15:51:39.000,0
200,Maiduguri,MAIDUGURI,9,2023-02-06 15:51:39.000,2023-02-06 15:51:39.000,0
201,Marte,MARTE,9,2023-02-06 15:51:39.000,2023-02-06 15:51:39.000,0
202,Mobbar,MOBBAR,9,2023-02-06 15:51:39.000,2023-02-06 15:51:39.000,0
203,Monguno,MONGUNO,9,2023-02-06 15:51:39.000,2023-02-06 15:51:39.000,0
204,Ngala,NGALA,9,2023-02-06 15:51:39.000,2023-02-06 15:51:39.000,0
205,Nganzai,NGANZAI,9,2023-02-06 15:51:39.000,2023-02-06 15:51:39.000,0
206,Shani,SHANI,9,2023-02-06 15:51:39.000,2023-02-06 15:51:39.000,0
207,Abi,ABI,10,2023-02-06 15:51:39.000,2023-02-06 15:51:39.000,0
208,Akamkpa,AKAMKPA,10,2023-02-06 15:51:39.000,2023-02-06 15:51:39.000,0
209,Akpabuyo,AKPABUYO,10,2023-02-06 15:51:39.000,2023-02-06 15:51:39.000,0
210,Bakassi,BAKASSI,10,2023-02-06 15:51:39.000,2023-02-06 15:51:39.000,0
211,Bekwarra,BEKWARRA,10,2023-02-06 15:51:39.000,2023-02-06 15:51:39.000,0
212,Biase,BIASE,10,2023-02-06 15:51:39.000,2023-02-06 15:51:39.000,0
213,Boki,BOKI,10,2023-02-06 15:51:39.000,2023-02-06 15:51:39.000,0
214,Calabar Municipal,CALABAR MUNICIPAL,10,2023-02-06 15:51:39.000,2023-02-06 15:51:39.000,0
215,Calabar South,CALABAR SOUTH,10,2023-02-06 15:51:39.000,2023-02-06 15:51:39.000,0
216,Etung,ETUNG,10,2023-02-06 15:51:39.000,2023-02-06 15:51:39.000,0
217,Ikom,IKOM,10,2023-02-06 15:51:39.000,2023-02-06 15:51:39.000,0
218,Obanliku,OBANLIKU,10,2023-02-06 15:51:39.000,2023-02-06 15:51:39.000,0
219,Obubra,OBUBRA,10,2023-02-06 15:51:39.000,2023-02-06 15:51:39.000,0
220,Obudu,OBUDU,10,2023-02-06 15:51:39.000,2023-02-06 15:51:39.000,0
221,Odukpani,ODUKPANI,10,2023-02-06 15:51:39.000,2023-02-06 15:51:39.000,0
222,Ogoja,OGOJA,10,2023-02-06 15:51:39.000,2023-02-06 15:51:39.000,0
223,Yakuur,YAKUUR,10,2023-02-06 15:51:39.000,2023-02-06 15:51:39.000,0
224,Yala,YALA,10,2023-02-06 15:51:39.000,2023-02-06 15:51:39.000,0
225,Aniocha North,ANIOCHA NORTH,11,2023-02-06 15:51:39.000,2023-02-06 15:51:39.000,0
226,Aniocha South,ANIOCHA SOUTH,11,2023-02-06 15:51:39.000,2023-02-06 15:51:39.000,0
227,Bomadi,BOMADI,11,2023-02-06 15:51:39.000,2023-02-06 15:51:39.000,0
228,Burutu,BURUTU,11,2023-02-06 15:51:39.000,2023-02-06 15:51:39.000,0
229,Ethiope East,ETHIOPE EAST,11,2023-02-06 15:51:39.000,2023-02-06 15:51:39.000,0
230,Ethiope West,ETHIOPE WEST,11,2023-02-06 15:51:39.000,2023-02-06 15:51:39.000,0
231,Ika North East,IKA NORTH EAST,11,2023-02-06 15:51:39.000,2023-02-06 15:51:39.000,0
232,Ika South,IKA SOUTH,11,2023-02-06 15:51:39.000,2023-02-06 15:51:39.000,0
233,Isoko North,ISOKO NORTH,11,2023-02-06 15:51:39.000,2023-02-06 15:51:39.000,0
234,Isoko South,ISOKO SOUTH,11,2023-02-06 15:51:39.000,2023-02-06 15:51:39.000,0
235,Ndokwa East,NDOKWA EAST,11,2023-02-06 15:51:39.000,2023-02-06 15:51:39.000,0
236,Ndokwa West,NDOKWA WEST,11,2023-02-06 15:51:39.000,2023-02-06 15:51:39.000,0
237,Okpe,OKPE,11,2023-02-06 15:51:39.000,2023-02-06 15:51:39.000,0
238,Oshimili North,OSHIMILI NORTH,11,2023-02-06 15:51:39.000,2023-02-06 15:51:39.000,0
239,Oshimili South,OSHIMILI SOUTH,11,2023-02-06 15:51:39.000,2023-02-06 15:51:39.000,0
240,Patani,PATANI,11,2023-02-06 15:51:39.000,2023-02-06 15:51:39.000,0
241,Sapele,SAPELE,11,2023-02-06 15:51:39.000,2023-02-06 15:51:39.000,0
242,Udu,UDU,11,2023-02-06 15:51:39.000,2023-02-06 15:51:39.000,0
243,Ughelli North,UGHELLI NORTH,11,2023-02-06 15:51:39.000,2023-02-06 15:51:39.000,0
244,Ughelli South,UGHELLI SOUTH,11,2023-02-06 15:51:39.000,2023-02-06 15:51:39.000,0
245,Ukwuani,UKWUANI,11,2023-02-06 15:51:39.000,2023-02-06 15:51:39.000,0
246,Uvwie,UVWIE,11,2023-02-06 15:51:39.000,2023-02-06 15:51:39.000,0
247,Warri North,WARRI NORTH,11,2023-02-06 15:51:39.000,2023-02-06 15:51:39.000,0
248,Warri South,WARRI SOUTH,11,2023-02-06 15:51:39.000,2023-02-06 15:51:39.000,0
249,Warri South West,WARRI SOUTH WEST,11,2023-02-06 15:51:39.000,2023-02-06 15:51:39.000,0
250,Abakaliki,ABAKALIKI,12,2023-02-06 15:51:39.000,2023-02-06 15:51:39.000,0
251,Afikpo North,AFIKPO NORTH,12,2023-02-06 15:51:39.000,2023-02-06 15:51:39.000,0
252,Afikpo South,AFIKPO SOUTH,12,2023-02-06 15:51:39.000,2023-02-06 15:51:39.000,0
253,Ebonyi,EBONYI,12,2023-02-06 15:51:39.000,2023-02-06 15:51:39.000,0
254,Ezza North,EZZA NORTH,12,2023-02-06 15:51:39.000,2023-02-06 15:51:39.000,0
255,Ezza South,EZZA SOUTH,12,2023-02-06 15:51:39.000,2023-02-06 15:51:39.000,0
256,Ikwo,IKWO,12,2023-02-06 15:51:39.000,2023-02-06 15:51:39.000,0
257,Ishielu,ISHIELU,12,2023-02-06 15:51:39.000,2023-02-06 15:51:39.000,0
258,Ivo,IVO,12,2023-02-06 15:51:39.000,2023-02-06 15:51:39.000,0
259,Izzi,IZZI,12,2023-02-06 15:51:39.000,2023-02-06 15:51:39.000,0
260,Ohaozara,OHAOZARA,12,2023-02-06 15:51:39.000,2023-02-06 15:51:39.000,0
261,Ohaukwu,OHAUKWU,12,2023-02-06 15:51:39.000,2023-02-06 15:51:39.000,0
262,Onicha,ONICHA,12,2023-02-06 15:51:39.000,2023-02-06 15:51:39.000,0
263,Akoko-Edo,AKOKO-EDO,13,2023-02-06 15:51:39.000,2023-02-06 15:51:39.000,0
264,Egor,EGOR,13,2023-02-06 15:51:39.000,2023-02-06 15:51:39.000,0
265,Esan Central,ESAN CENTRAL,13,2023-02-06 15:51:39.000,2023-02-06 15:51:39.000,0
266,Esan North-East,ESAN NORTH-EAST,13,2023-02-06 15:51:39.000,2023-02-06 15:51:39.000,0
267,Esan South-East,ESAN SOUTH-EAST,13,2023-02-06 15:51:39.000,2023-02-06 15:51:39.000,0
268,Esan West,ESAN WEST,13,2023-02-06 15:51:39.000,2023-02-06 15:51:39.000,0
269,Etsako Central,ETSAKO CENTRAL,13,2023-02-06 15:51:39.000,2023-02-06 15:51:39.000,0
270,Etsako East,ETSAKO EAST,13,2023-02-06 15:51:39.000,2023-02-06 15:51:39.000,0
271,Etsako West,ETSAKO WEST,13,2023-02-06 15:51:39.000,2023-02-06 15:51:39.000,0
272,Igueben,IGUEBEN,13,2023-02-06 15:51:39.000,2023-02-06 15:51:39.000,0
273,Ikpoba Okha,IKPOBA OKHA,13,2023-02-06 15:51:39.000,2023-02-06 15:51:39.000,0
274,Orhionmwon,ORHIONMWON,13,2023-02-06 15:51:39.000,2023-02-06 15:51:39.000,0
275,Oredo,OREDO,13,2023-02-06 15:51:39.000,2023-02-06 15:51:39.000,0
276,Ovia North-East,OVIA NORTH-EAST,13,2023-02-06 15:51:39.000,2023-02-06 15:51:39.000,0
277,Ovia South-West,OVIA SOUTH-WEST,13,2023-02-06 15:51:39.000,2023-02-06 15:51:39.000,0
278,Owan East,OWAN EAST,13,2023-02-06 15:51:39.000,2023-02-06 15:51:39.000,0
279,Owan West,OWAN WEST,13,2023-02-06 15:51:39.000,2023-02-06 15:51:39.000,0
280,Uhunmwonde,UHUNMWONDE,13,2023-02-06 15:51:39.000,2023-02-06 15:51:39.000,0
281,Ado Ekiti,ADO EKITI,14,2023-02-06 15:51:39.000,2023-02-06 15:51:39.000,0
282,Efon,EFON,14,2023-02-06 15:51:39.000,2023-02-06 15:51:39.000,0
283,Ekiti East,EKITI EAST,14,2023-02-06 15:51:39.000,2023-02-06 15:51:39.000,0
284,Ekiti South-West,EKITI SOUTH-WEST,14,2023-02-06 15:51:39.000,2023-02-06 15:51:39.000,0
285,Ekiti West,EKITI WEST,14,2023-02-06 15:51:39.000,2023-02-06 15:51:39.000,0
286,Emure,EMURE,14,2023-02-06 15:51:39.000,2023-02-06 15:51:39.000,0
287,Gbonyin,GBONYIN,14,2023-02-06 15:51:39.000,2023-02-06 15:51:39.000,0
288,Ido Osi,IDO OSI,14,2023-02-06 15:51:39.000,2023-02-06 15:51:39.000,0
289,Ijero,IJERO,14,2023-02-06 15:51:39.000,2023-02-06 15:51:39.000,0
290,Ikere,IKERE,14,2023-02-06 15:51:39.000,2023-02-06 15:51:39.000,0
291,Ikole,IKOLE,14,2023-02-06 15:51:39.000,2023-02-06 15:51:39.000,0
292,Ilejemeje,ILEJEMEJE,14,2023-02-06 15:51:39.000,2023-02-06 15:51:39.000,0
293,IrepodunIfelodun,IREPODUNIFELODUN,14,2023-02-06 15:51:39.000,2023-02-06 15:51:39.000,0
294,IseOrun,ISEORUN,14,2023-02-06 15:51:39.000,2023-02-06 15:51:39.000,0
295,Moba,MOBA,14,2023-02-06 15:51:39.000,2023-02-06 15:51:39.000,0
296,Oye,OYE,14,2023-02-06 15:51:39.000,2023-02-06 15:51:39.000,0
297,Aninri,ANINRI,15,2023-02-06 15:51:39.000,2023-02-06 15:51:39.000,0
298,Awgu,AWGU,15,2023-02-06 15:51:39.000,2023-02-06 15:51:39.000,0
299,Enugu East,ENUGU EAST,15,2023-02-06 15:51:39.000,2023-02-06 15:51:39.000,0
300,Enugu North,ENUGU NORTH,15,2023-02-06 15:51:39.000,2023-02-06 15:51:39.000,0
301,Enugu South,ENUGU SOUTH,15,2023-02-06 15:51:39.000,2023-02-06 15:51:39.000,0
302,Ezeagu,EZEAGU,15,2023-02-06 15:51:39.000,2023-02-06 15:51:39.000,0
303,Igbo Etiti,IGBO ETITI,15,2023-02-06 15:51:39.000,2023-02-06 15:51:39.000,0
304,Igbo Eze North,IGBO EZE NORTH,15,2023-02-06 15:51:39.000,2023-02-06 15:51:39.000,0
305,Igbo Eze South,IGBO EZE SOUTH,15,2023-02-06 15:51:39.000,2023-02-06 15:51:39.000,0
306,Isi Uzo,ISI UZO,15,2023-02-06 15:51:39.000,2023-02-06 15:51:39.000,0
307,Nkanu East,NKANU EAST,15,2023-02-06 15:51:39.000,2023-02-06 15:51:39.000,0
308,Nkanu West,NKANU WEST,15,2023-02-06 15:51:39.000,2023-02-06 15:51:39.000,0
309,Nsukka,NSUKKA,15,2023-02-06 15:51:39.000,2023-02-06 15:51:39.000,0
310,Oji River,OJI RIVER,15,2023-02-06 15:51:39.000,2023-02-06 15:51:39.000,0
311,Udenu,UDENU,15,2023-02-06 15:51:39.000,2023-02-06 15:51:39.000,0
312,Udi,UDI,15,2023-02-06 15:51:39.000,2023-02-06 15:51:39.000,0
313,Uzo Uwani,UZO UWANI,15,2023-02-06 15:51:39.000,2023-02-06 15:51:39.000,0
314,Abaji,ABAJI,37,2023-02-06 15:51:39.000,2023-02-06 15:51:39.000,0
315,Bwari,BWARI,37,2023-02-06 15:51:39.000,2023-02-06 15:51:39.000,0
316,Gwagwalada,GWAGWALADA,37,2023-02-06 15:51:39.000,2023-02-06 15:51:39.000,0
317,Kuje,KUJE,37,2023-02-06 15:51:39.000,2023-02-06 15:51:39.000,0
318,Kwali,KWALI,37,2023-02-06 15:51:39.000,2023-02-06 15:51:39.000,0
319,Municipal Area Council,MUNICIPAL AREA COUNCIL,37,2023-02-06 15:51:39.000,2023-02-06 15:51:39.000,0
320,Akko,AKKO,16,2023-02-06 15:51:39.000,2023-02-06 15:51:39.000,0
321,Balanga,BALANGA,16,2023-02-06 15:51:39.000,2023-02-06 15:51:39.000,0
322,Billiri,BILLIRI,16,2023-02-06 15:51:39.000,2023-02-06 15:51:39.000,0
323,Dukku,DUKKU,16,2023-02-06 15:51:39.000,2023-02-06 15:51:39.000,0
324,Funakaye,FUNAKAYE,16,2023-02-06 15:51:39.000,2023-02-06 15:51:39.000,0
325,Gombe,GOMBE,16,2023-02-06 15:51:39.000,2023-02-06 15:51:39.000,0
326,Kaltungo,KALTUNGO,16,2023-02-06 15:51:39.000,2023-02-06 15:51:39.000,0
327,Kwami,KWAMI,16,2023-02-06 15:51:39.000,2023-02-06 15:51:39.000,0
328,Nafada,NAFADA,16,2023-02-06 15:51:39.000,2023-02-06 15:51:39.000,0
329,Shongom,SHONGOM,16,2023-02-06 15:51:39.000,2023-02-06 15:51:39.000,0
330,YamaltuDeba,YAMALTUDEBA,16,2023-02-06 15:51:39.000,2023-02-06 15:51:39.000,0
331,Aboh Mbaise,ABOH MBAISE,17,2023-02-06 15:51:39.000,2023-02-06 15:51:39.000,0
332,Ahiazu Mbaise,AHIAZU MBAISE,17,2023-02-06 15:51:39.000,2023-02-06 15:51:39.000,0
333,Ehime Mbano,EHIME MBANO,17,2023-02-06 15:51:39.000,2023-02-06 15:51:39.000,0
334,Ezinihitte,EZINIHITTE,17,2023-02-06 15:51:39.000,2023-02-06 15:51:39.000,0
335,Ideato North,IDEATO NORTH,17,2023-02-06 15:51:39.000,2023-02-06 15:51:39.000,0
336,Ideato South,IDEATO SOUTH,17,2023-02-06 15:51:39.000,2023-02-06 15:51:39.000,0
337,IhitteUboma,IHITTEUBOMA,17,2023-02-06 15:51:39.000,2023-02-06 15:51:39.000,0
338,Ikeduru,IKEDURU,17,2023-02-06 15:51:39.000,2023-02-06 15:51:39.000,0
339,Isiala Mbano,ISIALA MBANO,17,2023-02-06 15:51:39.000,2023-02-06 15:51:39.000,0
340,Isu,ISU,17,2023-02-06 15:51:39.000,2023-02-06 15:51:39.000,0
341,Mbaitoli,MBAITOLI,17,2023-02-06 15:51:39.000,2023-02-06 15:51:39.000,0
342,Ngor Okpala,NGOR OKPALA,17,2023-02-06 15:51:39.000,2023-02-06 15:51:39.000,0
343,Njaba,NJABA,17,2023-02-06 15:51:39.000,2023-02-06 15:51:39.000,0
344,Nkwerre,NKWERRE,17,2023-02-06 15:51:39.000,2023-02-06 15:51:39.000,0
345,Nwangele,NWANGELE,17,2023-02-06 15:51:39.000,2023-02-06 15:51:39.000,0
346,Obowo,OBOWO,17,2023-02-06 15:51:39.000,2023-02-06 15:51:39.000,0
347,Oguta,OGUTA,17,2023-02-06 15:51:39.000,2023-02-06 15:51:39.000,0
348,OhajiEgbema,OHAJIEGBEMA,17,2023-02-06 15:51:39.000,2023-02-06 15:51:39.000,0
349,Okigwe,OKIGWE,17,2023-02-06 15:51:39.000,2023-02-06 15:51:39.000,0
350,Orlu,ORLU,17,2023-02-06 15:51:39.000,2023-02-06 15:51:39.000,0
351,Orsu,ORSU,17,2023-02-06 15:51:39.000,2023-02-06 15:51:39.000,0
352,Oru East,ORU EAST,17,2023-02-06 15:51:39.000,2023-02-06 15:51:39.000,0
353,Oru West,ORU WEST,17,2023-02-06 15:51:39.000,2023-02-06 15:51:39.000,0
354,Owerri Municipal,OWERRI MUNICIPAL,17,2023-02-06 15:51:39.000,2023-02-06 15:51:39.000,0
355,Owerri North,OWERRI NORTH,17,2023-02-06 15:51:39.000,2023-02-06 15:51:39.000,0
356,Owerri West,OWERRI WEST,17,2023-02-06 15:51:39.000,2023-02-06 15:51:39.000,0
357,Unuimo,UNUIMO,17,2023-02-06 15:51:39.000,2023-02-06 15:51:39.000,0
358,Auyo,AUYO,18,2023-02-06 15:51:39.000,2023-02-06 15:51:39.000,0
359,Babura,BABURA,18,2023-02-06 15:51:39.000,2023-02-06 15:51:39.000,0
360,Biriniwa,BIRINIWA,18,2023-02-06 15:51:39.000,2023-02-06 15:51:39.000,0
361,Birnin Kudu,BIRNIN KUDU,18,2023-02-06 15:51:39.000,2023-02-06 15:51:39.000,0
362,Buji,BUJI,18,2023-02-06 15:51:39.000,2023-02-06 15:51:39.000,0
363,Dutse,DUTSE,18,2023-02-06 15:51:39.000,2023-02-06 15:51:39.000,0
364,Gagarawa,GAGARAWA,18,2023-02-06 15:51:39.000,2023-02-06 15:51:39.000,0
365,Garki,GARKI,18,2023-02-06 15:51:39.000,2023-02-06 15:51:39.000,0
366,Gumel,GUMEL,18,2023-02-06 15:51:39.000,2023-02-06 15:51:39.000,0
367,Guri,GURI,18,2023-02-06 15:51:39.000,2023-02-06 15:51:39.000,0
368,Gwaram,GWARAM,18,2023-02-06 15:51:39.000,2023-02-06 15:51:39.000,0
369,Gwiwa,GWIWA,18,2023-02-06 15:51:39.000,2023-02-06 15:51:39.000,0
370,Hadejia,HADEJIA,18,2023-02-06 15:51:39.000,2023-02-06 15:51:39.000,0
371,Jahun,JAHUN,18,2023-02-06 15:51:39.000,2023-02-06 15:51:39.000,0
372,Kafin Hausa,KAFIN HAUSA,18,2023-02-06 15:51:39.000,2023-02-06 15:51:39.000,0
373,Kazaure,KAZAURE,18,2023-02-06 15:51:39.000,2023-02-06 15:51:39.000,0
374,Kiri Kasama,KIRI KASAMA,18,2023-02-06 15:51:39.000,2023-02-06 15:51:39.000,0
375,Kiyawa,KIYAWA,18,2023-02-06 15:51:39.000,2023-02-06 15:51:39.000,0
376,Kaugama,KAUGAMA,18,2023-02-06 15:51:39.000,2023-02-06 15:51:39.000,0
377,Maigatari,MAIGATARI,18,2023-02-06 15:51:39.000,2023-02-06 15:51:39.000,0
378,Malam Madori,MALAM MADORI,18,2023-02-06 15:51:39.000,2023-02-06 15:51:39.000,0
379,Miga,MIGA,18,2023-02-06 15:51:39.000,2023-02-06 15:51:39.000,0
380,Ringim,RINGIM,18,2023-02-06 15:51:39.000,2023-02-06 15:51:39.000,0
381,Roni,RONI,18,2023-02-06 15:51:39.000,2023-02-06 15:51:39.000,0
382,Sule Tankarkar,SULE TANKARKAR,18,2023-02-06 15:51:39.000,2023-02-06 15:51:39.000,0
383,Taura,TAURA,18,2023-02-06 15:51:39.000,2023-02-06 15:51:39.000,0
384,Yankwashi,YANKWASHI,18,2023-02-06 15:51:39.000,2023-02-06 15:51:39.000,0
385,Birnin Gwari,BIRNIN GWARI,19,2023-02-06 15:51:39.000,2023-02-06 15:51:39.000,0
386,Chikun,CHIKUN,19,2023-02-06 15:51:39.000,2023-02-06 15:51:39.000,0
387,Giwa,GIWA,19,2023-02-06 15:51:39.000,2023-02-06 15:51:39.000,0
388,Igabi,IGABI,19,2023-02-06 15:51:39.000,2023-02-06 15:51:39.000,0
389,Ikara,IKARA,19,2023-02-06 15:51:39.000,2023-02-06 15:51:39.000,0
390,Jaba,JABA,19,2023-02-06 15:51:39.000,2023-02-06 15:51:39.000,0
391,Jema'a,JEMA'A,19,2023-02-06 15:51:39.000,2023-02-06 15:51:39.000,0
392,Kachia,KACHIA,19,2023-02-06 15:51:39.000,2023-02-06 15:51:39.000,0
393,Kaduna North,KADUNA NORTH,19,2023-02-06 15:51:39.000,2023-02-06 15:51:39.000,0
394,Kaduna South,KADUNA SOUTH,19,2023-02-06 15:51:39.000,2023-02-06 15:51:39.000,0
395,Kagarko,KAGARKO,19,2023-02-06 15:51:39.000,2023-02-06 15:51:39.000,0
396,Kajuru,KAJURU,19,2023-02-06 15:51:39.000,2023-02-06 15:51:39.000,0
397,Kaura,KAURA,19,2023-02-06 15:51:39.000,2023-02-06 15:51:39.000,0
398,Kauru,KAURU,19,2023-02-06 15:51:39.000,2023-02-06 15:51:39.000,0
399,Kubau,KUBAU,19,2023-02-06 15:51:39.000,2023-02-06 15:51:39.000,0
400,Kudan,KUDAN,19,2023-02-06 15:51:39.000,2023-02-06 15:51:39.000,0
401,Lere,LERE,19,2023-02-06 15:51:39.000,2023-02-06 15:51:39.000,0
402,Makarfi,MAKARFI,19,2023-02-06 15:51:39.000,2023-02-06 15:51:39.000,0
403,Sabon Gari,SABON GARI,19,2023-02-06 15:51:39.000,2023-02-06 15:51:39.000,0
404,Sanga,SANGA,19,2023-02-06 15:51:39.000,2023-02-06 15:51:39.000,0
405,Soba,SOBA,19,2023-02-06 15:51:39.000,2023-02-06 15:51:39.000,0
406,Zangon Kataf,ZANGON KATAF,19,2023-02-06 15:51:39.000,2023-02-06 15:51:39.000,0
407,Zaria,ZARIA,19,2023-02-06 15:51:39.000,2023-02-06 15:51:39.000,0
408,Ajingi,AJINGI,20,2023-02-06 15:51:39.000,2023-02-06 15:51:39.000,0
409,Albasu,ALBASU,20,2023-02-06 15:51:39.000,2023-02-06 15:51:39.000,0
410,Bagwai,BAGWAI,20,2023-02-06 15:51:39.000,2023-02-06 15:51:39.000,0
411,Bebeji,BEBEJI,20,2023-02-06 15:51:39.000,2023-02-06 15:51:39.000,0
412,Bichi,BICHI,20,2023-02-06 15:51:39.000,2023-02-06 15:51:39.000,0
413,Bunkure,BUNKURE,20,2023-02-06 15:51:39.000,2023-02-06 15:51:39.000,0
414,Dala,DALA,20,2023-02-06 15:51:39.000,2023-02-06 15:51:39.000,0
415,Dambatta,DAMBATTA,20,2023-02-06 15:51:39.000,2023-02-06 15:51:39.000,0
416,Dawakin Kudu,DAWAKIN KUDU,20,2023-02-06 15:51:39.000,2023-02-06 15:51:39.000,0
417,Dawakin Tofa,DAWAKIN TOFA,20,2023-02-06 15:51:39.000,2023-02-06 15:51:39.000,0
418,Doguwa,DOGUWA,20,2023-02-06 15:51:39.000,2023-02-06 15:51:39.000,0
419,Fagge,FAGGE,20,2023-02-06 15:51:39.000,2023-02-06 15:51:39.000,0
420,Gabasawa,GABASAWA,20,2023-02-06 15:51:39.000,2023-02-06 15:51:39.000,0
421,Garko,GARKO,20,2023-02-06 15:51:39.000,2023-02-06 15:51:39.000,0
422,Garun Mallam,GARUN MALLAM,20,2023-02-06 15:51:39.000,2023-02-06 15:51:39.000,0
423,Gaya,GAYA,20,2023-02-06 15:51:39.000,2023-02-06 15:51:39.000,0
424,Gezawa,GEZAWA,20,2023-02-06 15:51:39.000,2023-02-06 15:51:39.000,0
425,Gwale,GWALE,20,2023-02-06 15:51:39.000,2023-02-06 15:51:39.000,0
426,Gwarzo,GWARZO,20,2023-02-06 15:51:39.000,2023-02-06 15:51:39.000,0
427,Kabo,KABO,20,2023-02-06 15:51:39.000,2023-02-06 15:51:39.000,0
428,Kano Municipal,KANO MUNICIPAL,20,2023-02-06 15:51:39.000,2023-02-06 15:51:39.000,0
429,Karaye,KARAYE,20,2023-02-06 15:51:39.000,2023-02-06 15:51:39.000,0
430,Kibiya,KIBIYA,20,2023-02-06 15:51:39.000,2023-02-06 15:51:39.000,0
431,Kiru,KIRU,20,2023-02-06 15:51:39.000,2023-02-06 15:51:39.000,0
432,Kumbotso,KUMBOTSO,20,2023-02-06 15:51:39.000,2023-02-06 15:51:39.000,0
433,Kunchi,KUNCHI,20,2023-02-06 15:51:39.000,2023-02-06 15:51:39.000,0
434,Kura,KURA,20,2023-02-06 15:51:39.000,2023-02-06 15:51:39.000,0
435,Madobi,MADOBI,20,2023-02-06 15:51:39.000,2023-02-06 15:51:39.000,0
436,Makoda,MAKODA,20,2023-02-06 15:51:39.000,2023-02-06 15:51:39.000,0
437,Minjibir,MINJIBIR,20,2023-02-06 15:51:39.000,2023-02-06 15:51:39.000,0
438,Nasarawa,NASARAWA,20,2023-02-06 15:51:39.000,2023-02-06 15:51:39.000,0
439,Rano,RANO,20,2023-02-06 15:51:39.000,2023-02-06 15:51:39.000,0
440,Rimin Gado,RIMIN GADO,20,2023-02-06 15:51:39.000,2023-02-06 15:51:39.000,0
441,Rogo,ROGO,20,2023-02-06 15:51:39.000,2023-02-06 15:51:39.000,0
442,Shanono,SHANONO,20,2023-02-06 15:51:39.000,2023-02-06 15:51:39.000,0
443,Sumaila,SUMAILA,20,2023-02-06 15:51:39.000,2023-02-06 15:51:39.000,0
444,Takai,TAKAI,20,2023-02-06 15:51:39.000,2023-02-06 15:51:39.000,0
445,Tarauni,TARAUNI,20,2023-02-06 15:51:39.000,2023-02-06 15:51:39.000,0
446,Tofa,TOFA,20,2023-02-06 15:51:39.000,2023-02-06 15:51:39.000,0
447,Tsanyawa,TSANYAWA,20,2023-02-06 15:51:39.000,2023-02-06 15:51:39.000,0
448,Tudun Wada,TUDUN WADA,20,2023-02-06 15:51:39.000,2023-02-06 15:51:39.000,0
449,Ungogo,UNGOGO,20,2023-02-06 15:51:39.000,2023-02-06 15:51:39.000,0
450,Warawa,WARAWA,20,2023-02-06 15:51:39.000,2023-02-06 15:51:39.000,0
451,Wudil,WUDIL,20,2023-02-06 15:51:39.000,2023-02-06 15:51:39.000,0
452,Bakori,BAKORI,21,2023-02-06 15:51:39.000,2023-02-06 15:51:39.000,0
453,Batagarawa,BATAGARAWA,21,2023-02-06 15:51:39.000,2023-02-06 15:51:39.000,0
454,Batsari,BATSARI,21,2023-02-06 15:51:39.000,2023-02-06 15:51:39.000,0
455,Baure,BAURE,21,2023-02-06 15:51:39.000,2023-02-06 15:51:39.000,0
456,Bindawa,BINDAWA,21,2023-02-06 15:51:39.000,2023-02-06 15:51:39.000,0
457,Charanchi,CHARANCHI,21,2023-02-06 15:51:39.000,2023-02-06 15:51:39.000,0
458,Dandume,DANDUME,21,2023-02-06 15:51:39.000,2023-02-06 15:51:39.000,0
459,Danja,DANJA,21,2023-02-06 15:51:39.000,2023-02-06 15:51:39.000,0
460,Dan Musa,DAN MUSA,21,2023-02-06 15:51:39.000,2023-02-06 15:51:39.000,0
461,Daura,DAURA,21,2023-02-06 15:51:39.000,2023-02-06 15:51:39.000,0
462,Dutsi,DUTSI,21,2023-02-06 15:51:39.000,2023-02-06 15:51:39.000,0
463,Dutsin Ma,DUTSIN MA,21,2023-02-06 15:51:39.000,2023-02-06 15:51:39.000,0
464,Faskari,FASKARI,21,2023-02-06 15:51:39.000,2023-02-06 15:51:39.000,0
465,Funtua,FUNTUA,21,2023-02-06 15:51:39.000,2023-02-06 15:51:39.000,0
466,Ingawa,INGAWA,21,2023-02-06 15:51:39.000,2023-02-06 15:51:39.000,0
467,Jibia,JIBIA,21,2023-02-06 15:51:39.000,2023-02-06 15:51:39.000,0
468,Kafur,KAFUR,21,2023-02-06 15:51:39.000,2023-02-06 15:51:39.000,0
469,Kaita,KAITA,21,2023-02-06 15:51:39.000,2023-02-06 15:51:39.000,0
470,Kankara,KANKARA,21,2023-02-06 15:51:39.000,2023-02-06 15:51:39.000,0
471,Kankia,KANKIA,21,2023-02-06 15:51:39.000,2023-02-06 15:51:39.000,0
472,Katsina,KATSINA,21,2023-02-06 15:51:39.000,2023-02-06 15:51:39.000,0
473,Kurfi,KURFI,21,2023-02-06 15:51:39.000,2023-02-06 15:51:39.000,0
474,Kusada,KUSADA,21,2023-02-06 15:51:39.000,2023-02-06 15:51:39.000,0
475,Mai'Adua,MAI'ADUA,21,2023-02-06 15:51:39.000,2023-02-06 15:51:39.000,0
476,Malumfashi,MALUMFASHI,21,2023-02-06 15:51:39.000,2023-02-06 15:51:39.000,0
477,Mani,MANI,21,2023-02-06 15:51:39.000,2023-02-06 15:51:39.000,0
478,Mashi,MASHI,21,2023-02-06 15:51:39.000,2023-02-06 15:51:39.000,0
479,Matazu,MATAZU,21,2023-02-06 15:51:39.000,2023-02-06 15:51:39.000,0
480,Musawa,MUSAWA,21,2023-02-06 15:51:39.000,2023-02-06 15:51:39.000,0
481,Rimi,RIMI,21,2023-02-06 15:51:39.000,2023-02-06 15:51:39.000,0
482,Sabuwa,SABUWA,21,2023-02-06 15:51:39.000,2023-02-06 15:51:39.000,0
483,Safana,SAFANA,21,2023-02-06 15:51:39.000,2023-02-06 15:51:39.000,0
484,Sandamu,SANDAMU,21,2023-02-06 15:51:39.000,2023-02-06 15:51:39.000,0
485,Zango,ZANGO,21,2023-02-06 15:51:39.000,2023-02-06 15:51:39.000,0
486,Aleiro,ALEIRO,22,2023-02-06 15:51:39.000,2023-02-06 15:51:39.000,0
487,Arewa Dandi,AREWA DANDI,22,2023-02-06 15:51:39.000,2023-02-06 15:51:39.000,0
488,Argungu,ARGUNGU,22,2023-02-06 15:51:39.000,2023-02-06 15:51:39.000,0
489,Augie,AUGIE,22,2023-02-06 15:51:39.000,2023-02-06 15:51:39.000,0
490,Bagudo,BAGUDO,22,2023-02-06 15:51:39.000,2023-02-06 15:51:39.000,0
491,Birnin Kebbi,BIRNIN KEBBI,22,2023-02-06 15:51:39.000,2023-02-06 15:51:39.000,0
492,Bunza,BUNZA,22,2023-02-06 15:51:39.000,2023-02-06 15:51:39.000,0
493,Dandi,DANDI,22,2023-02-06 15:51:39.000,2023-02-06 15:51:39.000,0
494,Fakai,FAKAI,22,2023-02-06 15:51:39.000,2023-02-06 15:51:39.000,0
495,Gwandu,GWANDU,22,2023-02-06 15:51:39.000,2023-02-06 15:51:39.000,0
496,Jega,JEGA,22,2023-02-06 15:51:39.000,2023-02-06 15:51:39.000,0
497,Kalgo,KALGO,22,2023-02-06 15:51:39.000,2023-02-06 15:51:39.000,0
498,KokoBesse,KOKOBESSE,22,2023-02-06 15:51:39.000,2023-02-06 15:51:39.000,0
499,Maiyama,MAIYAMA,22,2023-02-06 15:51:39.000,2023-02-06 15:51:39.000,0
500,Ngaski,NGASKI,22,2023-02-06 15:51:39.000,2023-02-06 15:51:39.000,0
501,Sakaba,SAKABA,22,2023-02-06 15:51:39.000,2023-02-06 15:51:39.000,0
502,Shanga,SHANGA,22,2023-02-06 15:51:39.000,2023-02-06 15:51:39.000,0
503,Suru,SURU,22,2023-02-06 15:51:39.000,2023-02-06 15:51:39.000,0
504,WasaguDanko,WASAGUDANKO,22,2023-02-06 15:51:39.000,2023-02-06 15:51:39.000,0
505,Yauri,YAURI,22,2023-02-06 15:51:39.000,2023-02-06 15:51:39.000,0
506,Zuru,ZURU,22,2023-02-06 15:51:39.000,2023-02-06 15:51:39.000,0
507,Adavi,ADAVI,23,2023-02-06 15:51:39.000,2023-02-06 15:51:39.000,0
508,Ajaokuta,AJAOKUTA,23,2023-02-06 15:51:39.000,2023-02-06 15:51:39.000,0
509,Ankpa,ANKPA,23,2023-02-06 15:51:39.000,2023-02-06 15:51:39.000,0
510,Bassa,BASSA,23,2023-02-06 15:51:39.000,2023-02-06 15:51:39.000,0
511,Dekina,DEKINA,23,2023-02-06 15:51:39.000,2023-02-06 15:51:39.000,0
512,Ibaji,IBAJI,23,2023-02-06 15:51:39.000,2023-02-06 15:51:39.000,0
513,Idah,IDAH,23,2023-02-06 15:51:39.000,2023-02-06 15:51:39.000,0
514,Igalamela Odolu,IGALAMELA ODOLU,23,2023-02-06 15:51:39.000,2023-02-06 15:51:39.000,0
515,Ijumu,IJUMU,23,2023-02-06 15:51:39.000,2023-02-06 15:51:39.000,0
516,KabbaBunu,KABBABUNU,23,2023-02-06 15:51:39.000,2023-02-06 15:51:39.000,0
517,Kogi,KOGI,23,2023-02-06 15:51:39.000,2023-02-06 15:51:39.000,0
518,Lokoja,LOKOJA,23,2023-02-06 15:51:39.000,2023-02-06 15:51:39.000,0
519,Mopa Muro,MOPA MURO,23,2023-02-06 15:51:39.000,2023-02-06 15:51:39.000,0
520,Ofu,OFU,23,2023-02-06 15:51:39.000,2023-02-06 15:51:39.000,0
521,OgoriMagongo,OGORIMAGONGO,23,2023-02-06 15:51:39.000,2023-02-06 15:51:39.000,0
522,Okehi,OKEHI,23,2023-02-06 15:51:39.000,2023-02-06 15:51:39.000,0
523,Okene,OKENE,23,2023-02-06 15:51:39.000,2023-02-06 15:51:39.000,0
524,Olamaboro,OLAMABORO,23,2023-02-06 15:51:39.000,2023-02-06 15:51:39.000,0
525,Omala,OMALA,23,2023-02-06 15:51:39.000,2023-02-06 15:51:39.000,0
526,Yagba East,YAGBA EAST,23,2023-02-06 15:51:39.000,2023-02-06 15:51:39.000,0
527,Yagba West,YAGBA WEST,23,2023-02-06 15:51:39.000,2023-02-06 15:51:39.000,0
528,Asa,ASA,24,2023-02-06 15:51:39.000,2023-02-06 15:51:39.000,0
529,Baruten,BARUTEN,24,2023-02-06 15:51:39.000,2023-02-06 15:51:39.000,0
530,Edu,EDU,24,2023-02-06 15:51:39.000,2023-02-06 15:51:39.000,0
531,Ekiti,EKITI,24,2023-02-06 15:51:39.000,2023-02-06 15:51:39.000,0
532,Ifelodun,IFELODUN,24,2023-02-06 15:51:39.000,2023-02-06 15:51:39.000,0
533,Ilorin East,ILORIN EAST,24,2023-02-06 15:51:39.000,2023-02-06 15:51:39.000,0
534,Ilorin South,ILORIN SOUTH,24,2023-02-06 15:51:39.000,2023-02-06 15:51:39.000,0
535,Ilorin West,ILORIN WEST,24,2023-02-06 15:51:39.000,2023-02-06 15:51:39.000,0
536,Irepodun,IREPODUN,24,2023-02-06 15:51:39.000,2023-02-06 15:51:39.000,0
537,Isin,ISIN,24,2023-02-06 15:51:39.000,2023-02-06 15:51:39.000,0
538,Kaiama,KAIAMA,24,2023-02-06 15:51:39.000,2023-02-06 15:51:39.000,0
539,Moro,MORO,24,2023-02-06 15:51:39.000,2023-02-06 15:51:39.000,0
540,Offa,OFFA,24,2023-02-06 15:51:39.000,2023-02-06 15:51:39.000,0
541,Oke Ero,OKE ERO,24,2023-02-06 15:51:39.000,2023-02-06 15:51:39.000,0
542,Oyun,OYUN,24,2023-02-06 15:51:39.000,2023-02-06 15:51:39.000,0
543,Pategi,PATEGI,24,2023-02-06 15:51:39.000,2023-02-06 15:51:39.000,0
544,Agege,AGEGE,1,2023-02-06 15:51:39.000,2023-02-06 15:51:39.000,0
545,Ajeromi-Ifelodun,AJEROMI-IFELODUN,1,2023-02-06 15:51:39.000,2023-02-06 15:51:39.000,0
546,Alimosho,ALIMOSHO,1,2023-02-06 15:51:39.000,2023-02-06 15:51:39.000,0
547,Amuwo-Odofin,AMUWO-ODOFIN,1,2023-02-06 15:51:39.000,2023-02-06 15:51:39.000,0
548,Apapa,APAPA,1,2023-02-06 15:51:39.000,2023-02-06 15:51:39.000,0
549,Badagry,BADAGRY,1,2023-02-06 15:51:39.000,2023-02-06 15:51:39.000,0
550,Epe,EPE,1,2023-02-06 15:51:39.000,2023-02-06 15:51:39.000,0
551,Eti Osa,ETI OSA,1,2023-02-06 15:51:39.000,2023-02-06 15:51:39.000,0
552,Ibeju-Lekki,IBEJU-LEKKI,1,2023-02-06 15:51:39.000,2023-02-06 15:51:39.000,0
553,Ifako-Ijaiye,IFAKO-IJAIYE,1,2023-02-06 15:51:39.000,2023-02-06 15:51:39.000,0
554,Ikeja,IKEJA,1,2023-02-06 15:51:39.000,2023-02-06 15:51:39.000,0
555,Ikorodu,IKORODU,1,2023-02-06 15:51:39.000,2023-02-06 15:51:39.000,0
556,Kosofe,KOSOFE,1,2023-02-06 15:51:39.000,2023-02-06 15:51:39.000,0
557,Lagos Island,LAGOS ISLAND,1,2023-02-06 15:51:39.000,2023-02-06 15:51:39.000,0
558,Lagos Mainland,LAGOS MAINLAND,1,2023-02-06 15:51:39.000,2023-02-06 15:51:39.000,0
559,Mushin,MUSHIN,1,2023-02-06 15:51:39.000,2023-02-06 15:51:39.000,0
560,Ojo,OJO,1,2023-02-06 15:51:39.000,2023-02-06 15:51:39.000,0
561,Oshodi-Isolo,OSHODI-ISOLO,1,2023-02-06 15:51:39.000,2023-02-06 15:51:39.000,0
562,Shomolu,SHOMOLU,1,2023-02-06 15:51:39.000,2023-02-06 15:51:39.000,0
563,Surulere,SURULERE,1,2023-02-06 15:51:39.000,2023-02-06 15:51:39.000,0
564,Abeokuta North,ABEOKUTA NORTH,27,2023-02-06 15:51:39.000,2023-02-06 15:51:39.000,0
565,Abeokuta South,ABEOKUTA SOUTH,27,2023-02-06 15:51:39.000,2023-02-06 15:51:39.000,0
566,Ado-OdoOta,ADO-ODOOTA,27,2023-02-06 15:51:39.000,2023-02-06 15:51:39.000,0
567,Egbado North,EGBADO NORTH,27,2023-02-06 15:51:39.000,2023-02-06 15:51:39.000,0
568,Egbado South,EGBADO SOUTH,27,2023-02-06 15:51:39.000,2023-02-06 15:51:39.000,0
569,Ewekoro,EWEKORO,27,2023-02-06 15:51:39.000,2023-02-06 15:51:39.000,0
570,Ifo,IFO,27,2023-02-06 15:51:39.000,2023-02-06 15:51:39.000,0
571,Ijebu East,IJEBU EAST,27,2023-02-06 15:51:39.000,2023-02-06 15:51:39.000,0
572,Ijebu North,IJEBU NORTH,27,2023-02-06 15:51:39.000,2023-02-06 15:51:39.000,0
573,Ijebu North East,IJEBU NORTH EAST,27,2023-02-06 15:51:39.000,2023-02-06 15:51:39.000,0
574,Ijebu Ode,IJEBU ODE,27,2023-02-06 15:51:39.000,2023-02-06 15:51:39.000,0
575,Ikenne,IKENNE,27,2023-02-06 15:51:39.000,2023-02-06 15:51:39.000,0
576,Imeko Afon,IMEKO AFON,27,2023-02-06 15:51:39.000,2023-02-06 15:51:39.000,0
577,Ipokia,IPOKIA,27,2023-02-06 15:51:39.000,2023-02-06 15:51:39.000,0
578,Obafemi Owode,OBAFEMI OWODE,27,2023-02-06 15:51:39.000,2023-02-06 15:51:39.000,0
579,Odeda,ODEDA,27,2023-02-06 15:51:39.000,2023-02-06 15:51:39.000,0
580,Odogbolu,ODOGBOLU,27,2023-02-06 15:51:39.000,2023-02-06 15:51:39.000,0
581,Ogun Waterside,OGUN WATERSIDE,27,2023-02-06 15:51:39.000,2023-02-06 15:51:39.000,0
582,Remo North,REMO NORTH,27,2023-02-06 15:51:39.000,2023-02-06 15:51:39.000,0
583,Shagamu,SHAGAMU,27,2023-02-06 15:51:39.000,2023-02-06 15:51:39.000,0
584,Akoko North-East,AKOKO NORTH-EAST,28,2023-02-06 15:51:39.000,2023-02-06 15:51:39.000,0
585,Akoko North-West,AKOKO NORTH-WEST,28,2023-02-06 15:51:39.000,2023-02-06 15:51:39.000,0
586,Akoko South-West,AKOKO SOUTH-WEST,28,2023-02-06 15:51:39.000,2023-02-06 15:51:39.000,0
587,Akoko South-East,AKOKO SOUTH-EAST,28,2023-02-06 15:51:39.000,2023-02-06 15:51:39.000,0
588,Akure North,AKURE NORTH,28,2023-02-06 15:51:39.000,2023-02-06 15:51:39.000,0
589,Akure South,AKURE SOUTH,28,2023-02-06 15:51:39.000,2023-02-06 15:51:39.000,0
590,Ese Odo,ESE ODO,28,2023-02-06 15:51:39.000,2023-02-06 15:51:39.000,0
591,Idanre,IDANRE,28,2023-02-06 15:51:39.000,2023-02-06 15:51:39.000,0
592,Ifedore,IFEDORE,28,2023-02-06 15:51:39.000,2023-02-06 15:51:39.000,0
593,Ilaje,ILAJE,28,2023-02-06 15:51:39.000,2023-02-06 15:51:39.000,0
594,Ile OlujiOkeigbo,ILE OLUJIOKEIGBO,28,2023-02-06 15:51:39.000,2023-02-06 15:51:39.000,0
595,Irele,IRELE,28,2023-02-06 15:51:39.000,2023-02-06 15:51:39.000,0
596,Odigbo,ODIGBO,28,2023-02-06 15:51:39.000,2023-02-06 15:51:39.000,0
597,Okitipupa,OKITIPUPA,28,2023-02-06 15:51:39.000,2023-02-06 15:51:39.000,0
598,Ondo East,ONDO EAST,28,2023-02-06 15:51:39.000,2023-02-06 15:51:39.000,0
599,Ondo West,ONDO WEST,28,2023-02-06 15:51:39.000,2023-02-06 15:51:39.000,0
600,Ose,OSE,28,2023-02-06 15:51:39.000,2023-02-06 15:51:39.000,0
601,Owo,OWO,28,2023-02-06 15:51:39.000,2023-02-06 15:51:39.000,0
602,Atakunmosa East,ATAKUNMOSA EAST,29,2023-02-06 15:51:39.000,2023-02-06 15:51:39.000,0
603,Atakunmosa West,ATAKUNMOSA WEST,29,2023-02-06 15:51:39.000,2023-02-06 15:51:39.000,0
604,Aiyedaade,AIYEDAADE,29,2023-02-06 15:51:39.000,2023-02-06 15:51:39.000,0
605,Aiyedire,AIYEDIRE,29,2023-02-06 15:51:39.000,2023-02-06 15:51:39.000,0
606,Boluwaduro,BOLUWADURO,29,2023-02-06 15:51:39.000,2023-02-06 15:51:39.000,0
607,Boripe,BORIPE,29,2023-02-06 15:51:39.000,2023-02-06 15:51:39.000,0
608,Ede North,EDE NORTH,29,2023-02-06 15:51:39.000,2023-02-06 15:51:39.000,0
609,Ede South,EDE SOUTH,29,2023-02-06 15:51:39.000,2023-02-06 15:51:39.000,0
610,Ife Central,IFE CENTRAL,29,2023-02-06 15:51:39.000,2023-02-06 15:51:39.000,0
611,Ife East,IFE EAST,29,2023-02-06 15:51:39.000,2023-02-06 15:51:39.000,0
612,Ife North,IFE NORTH,29,2023-02-06 15:51:39.000,2023-02-06 15:51:39.000,0
613,Ife South,IFE SOUTH,29,2023-02-06 15:51:39.000,2023-02-06 15:51:39.000,0
614,Egbedore,EGBEDORE,29,2023-02-06 15:51:39.000,2023-02-06 15:51:39.000,0
615,Ejigbo,EJIGBO,29,2023-02-06 15:51:39.000,2023-02-06 15:51:39.000,0
616,Ifedayo,IFEDAYO,29,2023-02-06 15:51:39.000,2023-02-06 15:51:39.000,0
617,Ifelodun,IFELODUN,29,2023-02-06 15:51:39.000,2023-02-06 15:51:39.000,0
618,Ila,ILA,29,2023-02-06 15:51:39.000,2023-02-06 15:51:39.000,0
619,Ilesa East,ILESA EAST,29,2023-02-06 15:51:39.000,2023-02-06 15:51:39.000,0
620,Ilesa West,ILESA WEST,29,2023-02-06 15:51:39.000,2023-02-06 15:51:39.000,0
621,Irepodun,IREPODUN,29,2023-02-06 15:51:39.000,2023-02-06 15:51:39.000,0
622,Irewole,IREWOLE,29,2023-02-06 15:51:39.000,2023-02-06 15:51:39.000,0
623,Isokan,ISOKAN,29,2023-02-06 15:51:39.000,2023-02-06 15:51:39.000,0
624,Iwo,IWO,29,2023-02-06 15:51:39.000,2023-02-06 15:51:39.000,0
625,Obokun,OBOKUN,29,2023-02-06 15:51:39.000,2023-02-06 15:51:39.000,0
626,Odo Otin,ODO OTIN,29,2023-02-06 15:51:39.000,2023-02-06 15:51:39.000,0
627,Ola Oluwa,OLA OLUWA,29,2023-02-06 15:51:39.000,2023-02-06 15:51:39.000,0
628,Olorunda,OLORUNDA,29,2023-02-06 15:51:39.000,2023-02-06 15:51:39.000,0
629,Oriade,ORIADE,29,2023-02-06 15:51:39.000,2023-02-06 15:51:39.000,0
630,Orolu,OROLU,29,2023-02-06 15:51:39.000,2023-02-06 15:51:39.000,0
631,Osogbo,OSOGBO,29,2023-02-06 15:51:39.000,2023-02-06 15:51:39.000,0
632,Afijio,AFIJIO,30,2023-02-06 15:51:39.000,2023-02-06 15:51:39.000,0
633,Akinyele,AKINYELE,30,2023-02-06 15:51:39.000,2023-02-06 15:51:39.000,0
634,Atiba,ATIBA,30,2023-02-06 15:51:39.000,2023-02-06 15:51:39.000,0
635,Atisbo,ATISBO,30,2023-02-06 15:51:39.000,2023-02-06 15:51:39.000,0
636,Egbeda,EGBEDA,30,2023-02-06 15:51:39.000,2023-02-06 15:51:39.000,0
637,Ibadan North,IBADAN NORTH,30,2023-02-06 15:51:39.000,2023-02-06 15:51:39.000,0
638,Ibadan North-East,IBADAN NORTH-EAST,30,2023-02-06 15:51:39.000,2023-02-06 15:51:39.000,0
639,Ibadan North-West,IBADAN NORTH-WEST,30,2023-02-06 15:51:39.000,2023-02-06 15:51:39.000,0
640,Ibadan South-East,IBADAN SOUTH-EAST,30,2023-02-06 15:51:39.000,2023-02-06 15:51:39.000,0
641,Ibadan South-West,IBADAN SOUTH-WEST,30,2023-02-06 15:51:39.000,2023-02-06 15:51:39.000,0
642,Ibarapa Central,IBARAPA CENTRAL,30,2023-02-06 15:51:39.000,2023-02-06 15:51:39.000,0
643,Ibarapa East,IBARAPA EAST,30,2023-02-06 15:51:39.000,2023-02-06 15:51:39.000,0
644,Ibarapa North,IBARAPA NORTH,30,2023-02-06 15:51:39.000,2023-02-06 15:51:39.000,0
645,Ido,IDO,30,2023-02-06 15:51:39.000,2023-02-06 15:51:39.000,0
646,Irepo,IREPO,30,2023-02-06 15:51:39.000,2023-02-06 15:51:39.000,0
647,Iseyin,ISEYIN,30,2023-02-06 15:51:39.000,2023-02-06 15:51:39.000,0
648,Itesiwaju,ITESIWAJU,30,2023-02-06 15:51:39.000,2023-02-06 15:51:39.000,0
649,Iwajowa,IWAJOWA,30,2023-02-06 15:51:39.000,2023-02-06 15:51:39.000,0
650,Kajola,KAJOLA,30,2023-02-06 15:51:39.000,2023-02-06 15:51:39.000,0
651,Lagelu,LAGELU,30,2023-02-06 15:51:39.000,2023-02-06 15:51:39.000,0
652,Ogbomosho North,OGBOMOSHO NORTH,30,2023-02-06 15:51:39.000,2023-02-06 15:51:39.000,0
653,Ogbomosho South,OGBOMOSHO SOUTH,30,2023-02-06 15:51:39.000,2023-02-06 15:51:39.000,0
654,Ogo Oluwa,OGO OLUWA,30,2023-02-06 15:51:39.000,2023-02-06 15:51:39.000,0
655,Olorunsogo,OLORUNSOGO,30,2023-02-06 15:51:39.000,2023-02-06 15:51:39.000,0
656,Oluyole,OLUYOLE,30,2023-02-06 15:51:39.000,2023-02-06 15:51:39.000,0
657,Ona Ara,ONA ARA,30,2023-02-06 15:51:39.000,2023-02-06 15:51:39.000,0
658,Orelope,ORELOPE,30,2023-02-06 15:51:39.000,2023-02-06 15:51:39.000,0
659,Ori Ire,ORI IRE,30,2023-02-06 15:51:39.000,2023-02-06 15:51:39.000,0
660,Oyo,OYO,30,2023-02-06 15:51:39.000,2023-02-06 15:51:39.000,0
661,Oyo East,OYO EAST,30,2023-02-06 15:51:39.000,2023-02-06 15:51:39.000,0
662,Saki East,SAKI EAST,30,2023-02-06 15:51:39.000,2023-02-06 15:51:39.000,0
663,Saki West,SAKI WEST,30,2023-02-06 15:51:39.000,2023-02-06 15:51:39.000,0
664,Surulere,SURULERE,30,2023-02-06 15:51:39.000,2023-02-06 15:51:39.000,0
665,Bokkos,BOKKOS,31,2023-02-06 15:51:39.000,2023-02-06 15:51:39.000,0
666,Barkin Ladi,BARKIN LADI,31,2023-02-06 15:51:39.000,2023-02-06 15:51:39.000,0
667,Bassa,BASSA,31,2023-02-06 15:51:39.000,2023-02-06 15:51:39.000,0
668,Jos East,JOS EAST,31,2023-02-06 15:51:39.000,2023-02-06 15:51:39.000,0
669,Jos North,JOS NORTH,31,2023-02-06 15:51:39.000,2023-02-06 15:51:39.000,0
670,Jos South,JOS SOUTH,31,2023-02-06 15:51:39.000,2023-02-06 15:51:39.000,0
671,Kanam,KANAM,31,2023-02-06 15:51:39.000,2023-02-06 15:51:39.000,0
672,Kanke,KANKE,31,2023-02-06 15:51:39.000,2023-02-06 15:51:39.000,0
673,Langtang South,LANGTANG SOUTH,31,2023-02-06 15:51:39.000,2023-02-06 15:51:39.000,0
674,Langtang North,LANGTANG NORTH,31,2023-02-06 15:51:39.000,2023-02-06 15:51:39.000,0
675,Mangu,MANGU,31,2023-02-06 15:51:39.000,2023-02-06 15:51:39.000,0
676,Mikang,MIKANG,31,2023-02-06 15:51:39.000,2023-02-06 15:51:39.000,0
677,Pankshin,PANKSHIN,31,2023-02-06 15:51:39.000,2023-02-06 15:51:39.000,0
678,Qua'an Pan,QUA'AN PAN,31,2023-02-06 15:51:39.000,2023-02-06 15:51:39.000,0
679,Riyom,RIYOM,31,2023-02-06 15:51:39.000,2023-02-06 15:51:39.000,0
680,Shendam,SHENDAM,31,2023-02-06 15:51:39.000,2023-02-06 15:51:39.000,0
681,Wase,WASE,31,2023-02-06 15:51:39.000,2023-02-06 15:51:39.000,0
682,AbuaOdual,ABUAODUAL,32,2023-02-06 15:51:39.000,2023-02-06 15:51:39.000,0
683,Ahoada East,AHOADA EAST,32,2023-02-06 15:51:39.000,2023-02-06 15:51:39.000,0
684,Ahoada West,AHOADA WEST,32,2023-02-06 15:51:39.000,2023-02-06 15:51:39.000,0
685,Akuku-Toru,AKUKU-TORU,32,2023-02-06 15:51:39.000,2023-02-06 15:51:39.000,0
686,Andoni,ANDONI,32,2023-02-06 15:51:39.000,2023-02-06 15:51:39.000,0
687,Asari-Toru,ASARI-TORU,32,2023-02-06 15:51:39.000,2023-02-06 15:51:39.000,0
688,Bonny,BONNY,32,2023-02-06 15:51:39.000,2023-02-06 15:51:39.000,0
689,Degema,DEGEMA,32,2023-02-06 15:51:39.000,2023-02-06 15:51:39.000,0
690,Eleme,ELEME,32,2023-02-06 15:51:39.000,2023-02-06 15:51:39.000,0
691,Emuoha,EMUOHA,32,2023-02-06 15:51:39.000,2023-02-06 15:51:39.000,0
692,Etche,ETCHE,32,2023-02-06 15:51:39.000,2023-02-06 15:51:39.000,0
693,Gokana,GOKANA,32,2023-02-06 15:51:39.000,2023-02-06 15:51:39.000,0
694,Ikwerre,IKWERRE,32,2023-02-06 15:51:39.000,2023-02-06 15:51:39.000,0
695,Khana,KHANA,32,2023-02-06 15:51:39.000,2023-02-06 15:51:39.000,0
696,ObioAkpor,OBIOAKPOR,32,2023-02-06 15:51:39.000,2023-02-06 15:51:39.000,0
697,OgbaEgbemaNdoni,OGBAEGBEMANDONI,32,2023-02-06 15:51:39.000,2023-02-06 15:51:39.000,0
698,OguBolo,OGUBOLO,32,2023-02-06 15:51:39.000,2023-02-06 15:51:39.000,0
699,Okrika,OKRIKA,32,2023-02-06 15:51:39.000,2023-02-06 15:51:39.000,0
700,Omuma,OMUMA,32,2023-02-06 15:51:39.000,2023-02-06 15:51:39.000,0
701,OpoboNkoro,OPOBONKORO,32,2023-02-06 15:51:39.000,2023-02-06 15:51:39.000,0
702,Oyigbo,OYIGBO,32,2023-02-06 15:51:39.000,2023-02-06 15:51:39.000,0
703,Port Harcourt,PORT HARCOURT,32,2023-02-06 15:51:39.000,2023-02-06 15:51:39.000,0
704,Tai,TAI,32,2023-02-06 15:51:39.000,2023-02-06 15:51:39.000,0
705,Binji,BINJI,33,2023-02-06 15:51:39.000,2023-02-06 15:51:39.000,0
706,Bodinga,BODINGA,33,2023-02-06 15:51:39.000,2023-02-06 15:51:39.000,0
707,Dange Shuni,DANGE SHUNI,33,2023-02-06 15:51:39.000,2023-02-06 15:51:39.000,0
708,Gada,GADA,33,2023-02-06 15:51:39.000,2023-02-06 15:51:39.000,0
709,Goronyo,GORONYO,33,2023-02-06 15:51:39.000,2023-02-06 15:51:39.000,0
710,Gudu,GUDU,33,2023-02-06 15:51:39.000,2023-02-06 15:51:39.000,0
711,Gwadabawa,GWADABAWA,33,2023-02-06 15:51:39.000,2023-02-06 15:51:39.000,0
712,Illela,ILLELA,33,2023-02-06 15:51:39.000,2023-02-06 15:51:39.000,0
713,Isa,ISA,33,2023-02-06 15:51:39.000,2023-02-06 15:51:39.000,0
714,Kebbe,KEBBE,33,2023-02-06 15:51:39.000,2023-02-06 15:51:39.000,0
715,Kware,KWARE,33,2023-02-06 15:51:39.000,2023-02-06 15:51:39.000,0
716,Rabah,RABAH,33,2023-02-06 15:51:39.000,2023-02-06 15:51:39.000,0
717,Sabon Birni,SABON BIRNI,33,2023-02-06 15:51:39.000,2023-02-06 15:51:39.000,0
718,Shagari,SHAGARI,33,2023-02-06 15:51:39.000,2023-02-06 15:51:39.000,0
719,Silame,SILAME,33,2023-02-06 15:51:39.000,2023-02-06 15:51:39.000,0
720,Sokoto North,SOKOTO NORTH,33,2023-02-06 15:51:39.000,2023-02-06 15:51:39.000,0
721,Sokoto South,SOKOTO SOUTH,33,2023-02-06 15:51:39.000,2023-02-06 15:51:39.000,0
722,Tambuwal,TAMBUWAL,33,2023-02-06 15:51:39.000,2023-02-06 15:51:39.000,0
723,Tangaza,TANGAZA,33,2023-02-06 15:51:39.000,2023-02-06 15:51:39.000,0
724,Tureta,TURETA,33,2023-02-06 15:51:39.000,2023-02-06 15:51:39.000,0
725,Wamako,WAMAKO,33,2023-02-06 15:51:39.000,2023-02-06 15:51:39.000,0
726,Wurno,WURNO,33,2023-02-06 15:51:39.000,2023-02-06 15:51:39.000,0
727,Yabo,YABO,33,2023-02-06 15:51:39.000,2023-02-06 15:51:39.000,0
728,Ardo Kola,ARDO KOLA,34,2023-02-06 15:51:39.000,2023-02-06 15:51:39.000,0
729,Bali,BALI,34,2023-02-06 15:51:39.000,2023-02-06 15:51:39.000,0
730,Donga,DONGA,34,2023-02-06 15:51:39.000,2023-02-06 15:51:39.000,0
731,Gashaka,GASHAKA,34,2023-02-06 15:51:39.000,2023-02-06 15:51:39.000,0
732,Gassol,GASSOL,34,2023-02-06 15:51:39.000,2023-02-06 15:51:39.000,0
733,Ibi,IBI,34,2023-02-06 15:51:39.000,2023-02-06 15:51:39.000,0
734,Jalingo,JALINGO,34,2023-02-06 15:51:39.000,2023-02-06 15:51:39.000,0
735,Karim Lamido,KARIM LAMIDO,34,2023-02-06 15:51:39.000,2023-02-06 15:51:39.000,0
736,Kumi,KUMI,34,2023-02-06 15:51:39.000,2023-02-06 15:51:39.000,0
737,Lau,LAU,34,2023-02-06 15:51:39.000,2023-02-06 15:51:39.000,0
738,Sardauna,SARDAUNA,34,2023-02-06 15:51:39.000,2023-02-06 15:51:39.000,0
739,Takum,TAKUM,34,2023-02-06 15:51:39.000,2023-02-06 15:51:39.000,0
740,Ussa,USSA,34,2023-02-06 15:51:39.000,2023-02-06 15:51:39.000,0
741,Wukari,WUKARI,34,2023-02-06 15:51:39.000,2023-02-06 15:51:39.000,0
742,Yorro,YORRO,34,2023-02-06 15:51:39.000,2023-02-06 15:51:39.000,0
743,Zing,ZING,34,2023-02-06 15:51:39.000,2023-02-06 15:51:39.000,0
744,Bade,BADE,35,2023-02-06 15:51:39.000,2023-02-06 15:51:39.000,0
745,Bursari,BURSARI,35,2023-02-06 15:51:39.000,2023-02-06 15:51:39.000,0
746,Damaturu,DAMATURU,35,2023-02-06 15:51:39.000,2023-02-06 15:51:39.000,0
747,Fika,FIKA,35,2023-02-06 15:51:39.000,2023-02-06 15:51:39.000,0
748,Fune,FUNE,35,2023-02-06 15:51:39.000,2023-02-06 15:51:39.000,0
749,Geidam,GEIDAM,35,2023-02-06 15:51:39.000,2023-02-06 15:51:39.000,0
750,Gujba,GUJBA,35,2023-02-06 15:51:39.000,2023-02-06 15:51:39.000,0
751,Gulani,GULANI,35,2023-02-06 15:51:39.000,2023-02-06 15:51:39.000,0
752,Jakusko,JAKUSKO,35,2023-02-06 15:51:39.000,2023-02-06 15:51:39.000,0
753,Karasuwa,KARASUWA,35,2023-02-06 15:51:39.000,2023-02-06 15:51:39.000,0
754,Machina,MACHINA,35,2023-02-06 15:51:39.000,2023-02-06 15:51:39.000,0
755,Nangere,NANGERE,35,2023-02-06 15:51:39.000,2023-02-06 15:51:39.000,0
756,Nguru,NGURU,35,2023-02-06 15:51:39.000,2023-02-06 15:51:39.000,0
757,Potiskum,POTISKUM,35,2023-02-06 15:51:39.000,2023-02-06 15:51:39.000,0
758,Tarmuwa,TARMUWA,35,2023-02-06 15:51:39.000,2023-02-06 15:51:39.000,0
759,Yunusari,YUNUSARI,35,2023-02-06 15:51:39.000,2023-02-06 15:51:39.000,0
760,Yusufari,YUSUFARI,35,2023-02-06 15:51:39.000,2023-02-06 15:51:39.000,0
761,Anka,ANKA,36,2023-02-06 15:51:39.000,2023-02-06 15:51:39.000,0
762,Bakura,BAKURA,36,2023-02-06 15:51:39.000,2023-02-06 15:51:39.000,0
763,Birnin MagajiKiyaw,BIRNIN MAGAJIKIYAW,36,2023-02-06 15:51:39.000,2023-02-06 15:51:39.000,0
764,Bukkuyum,BUKKUYUM,36,2023-02-06 15:51:39.000,2023-02-06 15:51:39.000,0
765,Bungudu,BUNGUDU,36,2023-02-06 15:51:39.000,2023-02-06 15:51:39.000,0
766,Gummi,GUMMI,36,2023-02-06 15:51:39.000,2023-02-06 15:51:39.000,0
767,Gusau,GUSAU,36,2023-02-06 15:51:39.000,2023-02-06 15:51:39.000,0
768,Kaura Namoda,KAURA NAMODA,36,2023-02-06 15:51:39.000,2023-02-06 15:51:39.000,0
769,Maradun,MARADUN,36,2023-02-06 15:51:39.000,2023-02-06 15:51:39.000,0
770,Maru,MARU,36,2023-02-06 15:51:39.000,2023-02-06 15:51:39.000,0
771,Shinkafi,SHINKAFI,36,2023-02-06 15:51:39.000,2023-02-06 15:51:39.000,0
772,Talata Mafara,TALATA MAFARA,36,2023-02-06 15:51:39.000,2023-02-06 15:51:39.000,0
773,Chafe,CHAFE,36,2023-02-06 15:51:39.000,2023-02-06 15:51:39.000,0
774,Zurmi,ZURMI,36,2023-02-06 15:51:39.000,2023-02-06 15:51:39.000,0
775,Akwanga,AKWANGA,25,2023-02-06 15:51:51.000,2023-02-06 15:51:51.000,0
776,Awe,AWE,25,2023-02-06 15:51:51.000,2023-02-06 15:51:51.000,0
777,Doma,DOMA,25,2023-02-06 15:51:51.000,2023-02-06 15:51:51.000,0
778,Karu,KARU,25,2023-02-06 15:51:51.000,2023-02-06 15:51:51.000,0
779,Keana,KEANA,25,2023-02-06 15:51:51.000,2023-02-06 15:51:51.000,0
780,Keffi,KEFFI,25,2023-02-06 15:51:51.000,2023-02-06 15:51:51.000,0
781,Kokona,KOKONA,25,2023-02-06 15:51:51.000,2023-02-06 15:51:51.000,0
782,Lafia,LAFIA,25,2023-02-06 15:51:51.000,2023-02-06 15:51:51.000,0
783,Nasarawa,NASARAWA,25,2023-02-06 15:51:51.000,2023-02-06 15:51:51.000,0
784,Nasarawa-Eggon,NASARAWA-EGGON,25,2023-02-06 15:51:51.000,2023-02-06 15:51:51.000,0
785,Obi,OBI,25,2023-02-06 15:51:51.000,2023-02-06 15:51:51.000,0
786,Toto,TOTO,25,2023-02-06 15:51:51.000,2023-02-06 15:51:51.000,0
787,Wamba,WAMBA,25,2023-02-06 15:51:51.000,2023-02-06 15:51:51.000,0
788,Agaie,AGAIE,26,2023-02-06 15:51:51.000,2023-02-06 15:51:51.000,0
789,Agwara,AGWARA,26,2023-02-06 15:51:51.000,2023-02-06 15:51:51.000,0
790,Bida,BIDA,26,2023-02-06 15:51:51.000,2023-02-06 15:51:51.000,0
791,Borgu,BORGU,26,2023-02-06 15:51:51.000,2023-02-06 15:51:51.000,0
792,Bosso,BOSSO,26,2023-02-06 15:51:51.000,2023-02-06 15:51:51.000,0
793,Chanchaga,CHANCHAGA,26,2023-02-06 15:51:51.000,2023-02-06 15:51:51.000,0
794,Edati,EDATI,26,2023-02-06 15:51:51.000,2023-02-06 15:51:51.000,0
795,Gbako,GBAKO,26,2023-02-06 15:51:51.000,2023-02-06 15:51:51.000,0
796,Gurara,GURARA,26,2023-02-06 15:51:51.000,2023-02-06 15:51:51.000,0
797,Katcha,KATCHA,26,2023-02-06 15:51:51.000,2023-02-06 15:51:51.000,0
798,Kontagora,KONTAGORA,26,2023-02-06 15:51:51.000,2023-02-06 15:51:51.000,0
799,Lapai,LAPAI,26,2023-02-06 15:51:51.000,2023-02-06 15:51:51.000,0
800,Lavun,LAVUN,26,2023-02-06 15:51:51.000,2023-02-06 15:51:51.000,0
801,Magama,MAGAMA,26,2023-02-06 15:51:51.000,2023-02-06 15:51:51.000,0
802,Mariga,MARIGA,26,2023-02-06 15:51:51.000,2023-02-06 15:51:51.000,0
803,Mashegu,MASHEGU,26,2023-02-06 15:51:51.000,2023-02-06 15:51:51.000,0
804,Mokwa,MOKWA,26,2023-02-06 15:51:51.000,2023-02-06 15:51:51.000,0
805,Muya,MUYA,26,2023-02-06 15:51:51.000,2023-02-06 15:51:51.000,0
806,Pailoro,PAILORO,26,2023-02-06 15:51:51.000,2023-02-06 15:51:51.000,0
807,Rafi,RAFI,26,2023-02-06 15:51:51.000,2023-02-06 15:51:51.000,0
808,Rijau,RIJAU,26,2023-02-06 15:51:51.000,2023-02-06 15:51:51.000,0
809,Shiroro,SHIRORO,26,2023-02-06 15:51:51.000,2023-02-06 15:51:51.000,0
810,Suleja,SULEJA,26,2023-02-06 15:51:51.000,2023-02-06 15:51:51.000,0
811,Tafa,TAFA,26,2023-02-06 15:51:51.000,2023-02-06 15:51:51.000,0
812,Wushishi,WUSHISHI,26,2023-02-06 15:51:51.000,2023-02-06 15:51:51.000,0
